{"cameraMode":{"drawMode":0,"name":"Shaded","section":"Shading Mode"},"sceneLighting":false,"audioPlay":false,"sceneViewState":{"m_AlwaysRefresh":false,"showFog":true,"showSkybox":false,"showFlares":true,"showImageEffects":true,"showParticleSystems":true,"showVisualEffectGraphs":true,"m_FxEnabled":true},"in2DMode":false,"pivot":{"x":3.7762856483459474,"y":1.0179345607757569,"z":8.051787376403809},"rotation":{"x":0.31537163257598879,"y":-0.23682992160320283,"z":0.08160004019737244,"w":0.9153178930282593},"size":1.9019912481307984,"orthographic":false}