{"cameraMode":{"drawMode":0,"name":"Shaded","section":"Shading Mode"},"sceneLighting":true,"audioPlay":false,"sceneViewState":{"m_AlwaysRefresh":false,"showFog":true,"showSkybox":true,"showFlares":true,"showImageEffects":true,"showParticleSystems":true,"showVisualEffectGraphs":true,"m_FxEnabled":true},"in2DMode":false,"pivot":{"x":4.646457672119141,"y":4.670001983642578,"z":1.4329862594604493},"rotation":{"x":0.23423880338668824,"y":-0.5434654355049133,"z":0.16117756068706513,"w":0.7898170948028565},"size":17.761493682861329,"orthographic":false}